filename,row_left_px,row_right_px,row_left_norm,row_right_norm,row_px,row_norm
defaultName276587_0.jpg,756.5400767326355,732.2646260261536,0.7005000710487366,0.6780228018760681,744.4023513793945,0.6892614364624023
defaultName276587_1.jpg,755.4004812240601,729.9562096595764,0.6994448900222778,0.6758853793144226,742.6783454418182,0.6876651346683502
defaultName276587_10.jpg,756.3506269454956,731.7365097999573,0.7003246545791626,0.6775338053703308,744.0435683727264,0.6889292299747467
defaultName276587_100.jpg,755.6208944320679,729.6141958236694,0.6996489763259888,0.675568699836731,742.6175451278687,0.6876088380813599
defaultName276587_101.jpg,754.3342709541321,727.2777128219604,0.698457658290863,0.6734052896499634,740.8059918880463,0.6859314739704132
defaultName276587_102.jpg,755.1016616821289,728.733959197998,0.6991682052612305,0.6747536659240723,741.9178104400635,0.6869609355926514
defaultName276587_103.jpg,755.8655118942261,730.1222276687622,0.6998754739761353,0.6760390996932983,742.9938697814941,0.6879572868347168
defaultName276587_104.jpg,754.5120048522949,727.6154780387878,0.6986222267150879,0.6737180352210999,741.0637414455414,0.6861701309680939
defaultName276587_105.jpg,755.4150295257568,729.3133163452148,0.6994583606719971,0.6752901077270508,742.3641729354858,0.6873742341995239
defaultName276587_106.jpg,754.2980289459229,727.1645450592041,0.6984241008758545,0.6733005046844482,740.7312870025635,0.6858623027801514
defaultName276587_107.jpg,755.120587348938,728.7225651741028,0.6991857290267944,0.674743115901947,741.9215762615204,0.6869644224643707
defaultName276587_108.jpg,755.9354853630066,730.2731823921204,0.6999402642250061,0.6761788725852966,743.1043338775635,0.6880595684051514
defaultName276587_109.jpg,754.6595478057861,727.8168368339539,0.6987588405609131,0.6739044785499573,741.23819231987,0.6863316595554352
defaultName276587_11.jpg,755.1220679283142,729.3570256233215,0.6991870999336243,0.6753305792808533,742.2395467758179,0.6872588396072388
defaultName276587_110.jpg,755.5363726615906,729.4958138465881,0.6995707154273987,0.675459086894989,742.5160932540894,0.6875149011611938
defaultName276587_111.jpg,754.4261312484741,727.3620414733887,0.6985427141189575,0.6734833717346191,740.8940863609314,0.6860130429267883
defaultName276587_112.jpg,755.2005386352539,728.8641214370728,0.6992597579956055,0.6748741865158081,742.0323300361633,0.6870669722557068
defaultName276587_113.jpg,756.0204577445984,730.4825234413147,0.7000189423561096,0.6763727068901062,743.2514905929565,0.6881958246231079
defaultName276587_114.jpg,754.6395921707153,727.8162574768066,0.6987403631210327,0.6739039421081543,741.227924823761,0.6863221526145935
defaultName276587_115.jpg,755.4115533828735,729.3770456314087,0.6994551420211792,0.6753491163253784,742.3942995071411,0.6874021291732788
defaultName276587_116.jpg,754.4043731689453,727.3384809494019,0.6985225677490234,0.6734615564346313,740.8714270591736,0.6859920620918274
defaultName276587_117.jpg,755.2071046829224,728.8643145561218,0.6992658376693726,0.6748743653297424,742.0357096195221,0.6870701014995575
defaultName276587_118.jpg,756.0635876655579,730.5933737754822,0.7000588774681091,0.6764753460884094,743.32848072052,0.6882671117782593
defaultName276587_119.jpg,754.6197652816772,727.7789211273193,0.6987220048904419,0.6738693714141846,741.1993432044983,0.6862956881523132
defaultName276587_12.jpg,755.9128904342651,730.9312677383423,0.6999193429946899,0.6767882108688354,743.4220790863037,0.6883537769317627
defaultName276587_120.jpg,755.4380750656128,729.4033098220825,0.6994796991348267,0.6753734350204468,742.4206924438477,0.6874265670776367
defaultName276587_121.jpg,754.3586039543152,727.2766184806824,0.6984801888465881,0.6734042763710022,740.8176112174988,0.6859422326087952
defaultName276587_122.jpg,755.163459777832,728.8209915161133,0.6992254257202148,0.6748342514038086,741.9922256469727,0.6870298385620117
defaultName276587_123.jpg,756.0856676101685,730.6260108947754,0.7000793218612671,0.6765055656433105,743.3558392524719,0.6882924437522888
defaultName276587_124.jpg,754.6675944328308,727.8990411758423,0.69876629114151,0.6739805936813354,741.2833178043365,0.6863734424114227
defaultName276587_125.jpg,755.5397844314575,729.603123664856,0.6995738744735718,0.6755584478378296,742.5714540481567,0.6875661611557007
defaultName276587_126.jpg,754.41241979599,727.3769116401672,0.6985300183296204,0.6734971404075623,740.8946657180786,0.6860135793685913
defaultName276587_127.jpg,755.1366806030273,728.8498306274414,0.6992006301879883,0.674860954284668,741.9932556152344,0.6870307922363281
defaultName276587_128.jpg,755.9884643554688,730.5509519577026,0.6999893188476562,0.6764360666275024,743.2697081565857,0.6882126927375793
defaultName276587_129.jpg,754.6106243133545,727.7411341667175,0.6987135410308838,0.6738343834877014,741.175879240036,0.6862739622592926
defaultName276587_13.jpg,755.4412293434143,729.9358034133911,0.6994826197624207,0.6758664846420288,742.6885163784027,0.6876745522022247
defaultName276587_130.jpg,755.3635954856873,729.2883396148682,0.6994107365608215,0.6752669811248779,742.3259675502777,0.6873388588428497
defaultName276587_131.jpg,754.3190789222717,727.2222232818604,0.698443591594696,0.673353910446167,740.770651102066,0.6858987510204315
defaultName276587_132.jpg,755.1013398170471,728.7511467933655,0.6991679072380066,0.6747695803642273,741.9262433052063,0.6869687438011169
defaultName276587_133.jpg,756.074788570404,730.611526966095,0.7000692486763,0.6764921545982361,743.3431577682495,0.6882807016372681
defaultName276587_134.jpg,754.5978140830994,727.7475714683533,0.6987016797065735,0.673840343952179,741.1726927757263,0.6862710118293762
defaultName276587_135.jpg,755.4436111450195,729.3915295600891,0.6994848251342773,0.6753625273704529,742.4175703525543,0.6874236762523651
defaultName276587_136.jpg,754.4388127326965,727.3495531082153,0.6985544562339783,0.6734718084335327,740.8941829204559,0.6860131323337555
defaultName276587_137.jpg,755.167965888977,728.8270425796509,0.6992295980453491,0.6748398542404175,741.997504234314,0.6870347261428833
defaultName276587_138.jpg,756.0779428482056,730.5844902992249,0.700072169303894,0.6764671206474304,743.3312165737152,0.6882696449756622
defaultName276587_139.jpg,754.5880937576294,727.6924681663513,0.6986926794052124,0.6737893223762512,741.1402809619904,0.6862410008907318
defaultName276587_14.jpg,755.302312374115,729.7024512290955,0.6993539929389954,0.675650417804718,742.5023818016052,0.6875022053718567
defaultName276587_140.jpg,755.4956889152527,729.411871433258,0.6995330452919006,0.6753813624382019,742.4537801742554,0.6874572038650513
defaultName276587_141.jpg,754.3560290336609,727.2096705436707,0.6984778046607971,0.6733422875404358,740.7828497886658,0.6859100461006165
defaultName276587_142.jpg,755.150134563446,728.7409114837646,0.6992130875587463,0.674760103225708,741.9455230236053,0.6869865953922272
defaultName276587_143.jpg,756.08811378479,730.5537843704224,0.7000815868377686,0.6764386892318726,743.3209490776062,0.6882601380348206
defaultName276587_144.jpg,754.6101093292236,727.7199554443359,0.6987130641937256,0.6738147735595703,741.1650323867798,0.686263918876648
defaultName276587_145.jpg,755.5497622489929,729.4589924812317,0.699583113193512,0.6754249930381775,742.5043773651123,0.6875040531158447
defaultName276587_146.jpg,754.5188927650452,727.4290537834167,0.6986286044120789,0.6735454201698303,740.973973274231,0.6860870122909546
defaultName276587_147.jpg,755.3868985176086,729.0690207481384,0.6994323134422302,0.6750639081001282,742.2279596328735,0.6872481107711792
defaultName276587_148.jpg,756.2706112861633,730.8222842216492,0.7002505660057068,0.6766873002052307,743.5464477539062,0.6884689331054688
defaultName276587_149.jpg,754.7950530052185,727.9482221603394,0.6988843083381653,0.6740261316299438,741.3716375827789,0.6864552199840546
defaultName276587_15.jpg,756.1403203010559,731.3187289237976,0.7001299262046814,0.6771469712257385,743.7295246124268,0.68863844871521
defaultName276587_150.jpg,755.6849455833435,729.6446442604065,0.6997082829475403,0.6755968928337097,742.664794921875,0.687652587890625
defaultName276587_151.jpg,754.5316386222839,727.4298906326294,0.6986404061317444,0.6735461950302124,740.9807646274567,0.6860933005809784
defaultName276587_152.jpg,755.3038573265076,728.9492225646973,0.69935542345047,0.6749529838562012,742.1265399456024,0.6871542036533356
defaultName276587_153.jpg,756.3574504852295,730.8981156349182,0.7003309726715088,0.6767575144767761,743.6277830600739,0.6885442435741425
defaultName276587_154.jpg,754.904294013977,728.0361557006836,0.6989854574203491,0.674107551574707,741.4702248573303,0.6865465044975281
defaultName276587_155.jpg,755.8418226242065,729.8104691505432,0.6998535394668579,0.6757504343986511,742.8261458873749,0.6878019869327545
defaultName276587_156.jpg,754.6231770515442,727.5443458557129,0.698725163936615,0.673652172088623,741.0837614536285,0.686188668012619
defaultName276587_157.jpg,755.4241704940796,729.0709519386292,0.6994668245315552,0.6750656962394714,742.2475612163544,0.6872662603855133
defaultName276587_158.jpg,756.3939499855042,730.8846616744995,0.7003647685050964,0.6767450571060181,743.6393058300018,0.6885549128055573
defaultName276587_159.jpg,754.8475813865662,727.9191899299622,0.698932945728302,0.6739992499351501,741.3833856582642,0.6864660978317261
defaultName276587_16.jpg,755.110867023468,729.1354537010193,0.6991767287254333,0.6751254200935364,742.1231603622437,0.6871510744094849
defaultName276587_160.jpg,755.7329034805298,729.6091103553772,0.699752688407898,0.6755639910697937,742.6710069179535,0.6876583397388458
defaultName276587_161.jpg,754.6364378929138,727.4709606170654,0.6987374424934387,0.6735842227935791,741.0536992549896,0.6861608326435089
defaultName276587_162.jpg,755.4167675971985,728.9735555648804,0.699459969997406,0.6749755144119263,742.1951615810394,0.6872177422046661
defaultName276587_163.jpg,756.3882207870483,730.8151388168335,0.7003594636917114,0.6766806840896606,743.6016798019409,0.688520073890686
defaultName276587_164.jpg,754.8940587043762,727.9151344299316,0.6989759802818298,0.6739954948425293,741.4045965671539,0.6864857375621796
defaultName276587_165.jpg,755.7082486152649,729.51416015625,0.699729859828949,0.67547607421875,742.6112043857574,0.6876029670238495
defaultName276587_166.jpg,754.5809483528137,727.3498106002808,0.6986860632896423,0.6734720468521118,740.9653794765472,0.6860790550708771
defaultName276587_167.jpg,755.4640817642212,728.9251470565796,0.6995037794113159,0.6749306917190552,742.1946144104004,0.6872172355651855
defaultName276587_168.jpg,756.3654971122742,730.7097601890564,0.7003384232521057,0.6765831112861633,743.5376286506653,0.6884607672691345
defaultName276587_169.jpg,754.8236346244812,727.7482151985168,0.6989107728004456,0.6738409399986267,741.285924911499,0.6863758563995361
defaultName276587_17.jpg,755.8836007118225,730.6965637207031,0.6998922228813171,0.6765708923339844,743.2900822162628,0.6882315576076508
defaultName276587_170.jpg,755.6855893135071,729.3953275680542,0.699708878993988,0.6753660440444946,742.5404584407806,0.6875374615192413
defaultName276587_171.jpg,754.5360803604126,727.214241027832,0.6986445188522339,0.6733465194702148,740.8751606941223,0.6859955191612244
defaultName276587_172.jpg,755.245406627655,728.5800433158875,0.6993013024330139,0.6746111512184143,741.9127249717712,0.6869562268257141
defaultName276587_173.jpg,756.2343692779541,730.4147386550903,0.7002170085906982,0.6763099431991577,743.3245539665222,0.688263475894928
defaultName276587_174.jpg,754.7306799888611,727.5360417366028,0.6988247036933899,0.673644483089447,741.1333608627319,0.6862345933914185
defaultName276587_175.jpg,755.5861330032349,729.1858577728271,0.6996167898178101,0.6751720905303955,742.385995388031,0.6873944401741028
defaultName276587_176.jpg,754.5344710350037,727.1624207496643,0.6986430287361145,0.6732985377311707,740.848445892334,0.6859707832336426
defaultName276587_177.jpg,755.2340769767761,728.5026025772095,0.6992908120155334,0.6745394468307495,741.8683397769928,0.6869151294231415
defaultName276587_178.jpg,756.212739944458,730.339937210083,0.7001969814300537,0.6762406826019287,743.2763385772705,0.6882188320159912
defaultName276587_179.jpg,754.682207107544,727.4466919898987,0.698779821395874,0.6735617518424988,741.0644495487213,0.6861707866191864
defaultName276587_18.jpg,755.421724319458,729.7647643089294,0.6994645595550537,0.6757081151008606,742.5932443141937,0.6875863373279572
defaultName276587_180.jpg,755.5882573127747,729.1630053520203,0.6996187567710876,0.6751509308815002,742.3756313323975,0.687384843826294
defaultName276587_181.jpg,754.5811414718628,727.2096061706543,0.6986862421035767,0.673342227935791,740.8953738212585,0.6860142350196838
defaultName276587_182.jpg,755.2748250961304,728.5408401489258,0.6993285417556763,0.6745748519897461,741.9078326225281,0.6869516968727112
defaultName276587_183.jpg,756.2055945396423,730.3148317337036,0.7001903653144836,0.6762174367904663,743.260213136673,0.688203901052475
defaultName276587_184.jpg,754.7136211395264,727.4442458152771,0.6988089084625244,0.6735594868659973,741.0789334774017,0.6861841976642609
defaultName276587_185.jpg,755.5641174316406,729.1075801849365,0.6995964050292969,0.6750996112823486,742.3358488082886,0.6873480081558228
defaultName276587_186.jpg,754.6044445037842,727.2087693214417,0.6987078189849854,0.6733414530754089,740.9066069126129,0.6860246360301971
defaultName276587_187.jpg,755.2470803260803,728.487024307251,0.6993028521537781,0.6745250225067139,741.8670523166656,0.686913937330246
defaultName276587_188.jpg,756.1926555633545,730.2716374397278,0.7001783847808838,0.676177442073822,743.2321465015411,0.6881779134273529
defaultName276587_189.jpg,754.690511226654,727.3981547355652,0.69878751039505,0.6735168099403381,741.0443329811096,0.6861521601676941
defaultName276587_19.jpg,755.3587031364441,729.5713233947754,0.6994062066078186,0.6755290031433105,742.4650132656097,0.6874676048755646
defaultName276587_190.jpg,755.5329608917236,729.0343236923218,0.6995675563812256,0.6750317811965942,742.2836422920227,0.6872996687889099
defaultName276587_191.jpg,754.523913860321,727.0680499076843,0.6986332535743713,0.6732111573219299,740.7959818840027,0.6859222054481506
defaultName276587_192.jpg,755.2203011512756,728.3585357666016,0.6992780566215515,0.6744060516357422,741.7894184589386,0.6868420541286469
defaultName276587_193.jpg,756.1191415786743,730.0981521606445,0.7001103162765503,0.6760168075561523,743.1086468696594,0.6880635619163513
defaultName276587_194.jpg,754.61918592453,727.3114442825317,0.6987214684486389,0.6734365224838257,740.9653151035309,0.6860789954662323
defaultName276587_195.jpg,755.5230474472046,728.977997303009,0.6995583772659302,0.6749796271324158,742.2505223751068,0.687269002199173
defaultName276587_196.jpg,754.5389771461487,727.1427226066589,0.6986472010612488,0.6732802987098694,740.8408498764038,0.6859637498855591
defaultName276587_197.jpg,755.2751469612122,728.479814529419,0.6993288397789001,0.674518346786499,741.8774807453156,0.6869235932826996
defaultName276587_198.jpg,756.2420296669006,730.311291217804,0.7002241015434265,0.6762141585350037,743.2766604423523,0.6882191300392151
defaultName276587_199.jpg,754.7522449493408,727.5024390220642,0.6988446712493896,0.6736133694648743,741.1273419857025,0.686229020357132
defaultName276587_2.jpg,756.2054657936096,731.5398502349854,0.7001902461051941,0.677351713180542,743.8726580142975,0.688770979642868
defaultName276587_20.jpg,756.2934637069702,731.2972927093506,0.700271725654602,0.6771271228790283,743.7953782081604,0.6886994242668152
defaultName276587_21.jpg,755.0338768959045,728.9648008346558,0.699105441570282,0.6749674081802368,741.9993388652802,0.6870364248752594
defaultName276587_22.jpg,755.8621001243591,730.5644702911377,0.6998723149299622,0.6764485836029053,743.2132852077484,0.6881604492664337
defaultName276587_23.jpg,755.5281972885132,729.8563027381897,0.6995631456375122,0.6757928729057312,742.6922500133514,0.6876780092716217
defaultName276587_24.jpg,755.3798818588257,729.5810437202454,0.6994258165359497,0.6755380034446716,742.4804627895355,0.6874819099903107
defaultName276587_25.jpg,756.2047576904297,731.1939096450806,0.7001895904541016,0.677031397819519,743.6993336677551,0.6886104941368103
defaultName276587_26.jpg,754.9818634986877,728.8348317146301,0.6990572810173035,0.6748470664024353,741.9083476066589,0.6869521737098694
defaultName276587_27.jpg,755.7945084571838,730.4525899887085,0.699809730052948,0.6763449907302856,743.1235492229462,0.6880773603916168
defaultName276587_28.jpg,755.4529452323914,729.8048686981201,0.6994934678077698,0.6757452487945557,742.6289069652557,0.6876193583011627
defaultName276587_29.jpg,755.248818397522,729.3958425521851,0.699304461479187,0.6753665208816528,742.3223304748535,0.6873354911804199
defaultName276587_3.jpg,755.583815574646,730.3029870986938,0.6996146440505981,0.6762064695358276,742.9434013366699,0.6879105567932129
defaultName276587_30.jpg,756.046142578125,731.0004043579102,0.700042724609375,0.6768522262573242,743.5232734680176,0.6884474754333496
defaultName276587_31.jpg,754.8112106323242,728.6200189590454,0.6988992691040039,0.6746481657028198,741.7156147956848,0.6867737174034119
defaultName276587_32.jpg,755.7207369804382,730.313286781311,0.6997414231300354,0.6762160062789917,743.0170118808746,0.6879787147045135
defaultName276587_33.jpg,755.408205986023,729.7370195388794,0.6994520425796509,0.6756824254989624,742.5726127624512,0.6875672340393066
defaultName276587_34.jpg,755.1820635795593,729.2210698127747,0.6992426514625549,0.6752046942710876,742.201566696167,0.6872236728668213
defaultName276587_35.jpg,756.1638808250427,731.0304021835327,0.7001517415046692,0.6768800020217896,743.5971415042877,0.6885158717632294
defaultName276587_36.jpg,754.9480032920837,728.6743497848511,0.6990259289741516,0.6746984720230103,741.8111765384674,0.6868622004985809
defaultName276587_37.jpg,755.8135628700256,730.3344655036926,0.6998273730278015,0.6762356162071228,743.0740141868591,0.6880314946174622
defaultName276587_38.jpg,755.6545615196228,729.9007844924927,0.6996801495552063,0.675834059715271,742.7776730060577,0.6877571046352386
defaultName276587_39.jpg,755.2483034133911,729.1491007804871,0.6993039846420288,0.6751380562782288,742.1987020969391,0.6872210204601288
defaultName276587_4.jpg,755.6843018531799,730.4113268852234,0.6997076869010925,0.6763067841529846,743.0478143692017,0.6880072355270386
defaultName276587_40.jpg,756.2335968017578,730.9378981590271,0.7002162933349609,0.6767943501472473,743.5857474803925,0.6885053217411041
defaultName276587_41.jpg,755.1167893409729,728.7118792533875,0.6991822123527527,0.6747332215309143,741.9143342971802,0.6869577169418335
defaultName276587_42.jpg,756.0165309906006,730.4358530044556,0.7000153064727783,0.676329493522644,743.2261919975281,0.6881723999977112
defaultName276587_43.jpg,755.8888792991638,730.1472043991089,0.6998971104621887,0.6760622262954712,743.0180418491364,0.68797966837883
defaultName276587_44.jpg,755.5153226852417,729.3666172027588,0.6995512247085571,0.6753394603729248,742.4409699440002,0.687445342540741
defaultName276587_45.jpg,756.5099501609802,731.2090373039246,0.7004721760749817,0.6770454049110413,743.8594937324524,0.6887587904930115
defaultName276587_46.jpg,755.2120614051819,728.7671756744385,0.6992704272270203,0.6747844219207764,741.9896185398102,0.6870274245738983
defaultName276587_47.jpg,756.1609840393066,730.5538487434387,0.7001490592956543,0.6764387488365173,743.3574163913727,0.6882939040660858
defaultName276587_48.jpg,756.124484539032,730.4175710678101,0.7001152634620667,0.6763125658035278,743.271027803421,0.6882139146327972
defaultName276587_49.jpg,755.5898666381836,729.4416761398315,0.699620246887207,0.6754089593887329,742.5157713890076,0.68751460313797
defaultName276587_5.jpg,756.4714550971985,732.027862071991,0.700436532497406,0.6778035759925842,744.2496585845947,0.6891200542449951
defaultName276587_50.jpg,756.5686583518982,731.2647843360901,0.7005265355110168,0.6770970225334167,743.9167213439941,0.6888117790222168
defaultName276587_51.jpg,755.2319526672363,728.7633776664734,0.6992888450622559,0.6747809052467346,741.9976651668549,0.6870348751544952
defaultName276587_52.jpg,756.1230039596558,730.4511094093323,0.7001138925552368,0.6763436198234558,743.287056684494,0.6882287561893463
defaultName276587_53.jpg,756.1287975311279,730.3876376152039,0.7001192569732666,0.6762848496437073,743.2582175731659,0.6882020533084869
defaultName276587_54.jpg,755.6046724319458,729.35387134552,0.6996339559555054,0.6753276586532593,742.4792718887329,0.6874808073043823
defaultName276587_55.jpg,756.4686226844788,731.0437273979187,0.7004339098930359,0.6768923401832581,743.7561750411987,0.688663125038147
defaultName276587_56.jpg,755.2285408973694,728.6009001731873,0.6992856860160828,0.6746304631233215,741.9147205352783,0.6869580745697021
defaultName276587_57.jpg,756.0982203483582,730.247175693512,0.7000909447669983,0.6761547923088074,743.1726980209351,0.6881228685379028
defaultName276587_58.jpg,756.0975766181946,730.2874732017517,0.7000903487205505,0.6761921048164368,743.1925249099731,0.6881412267684937
defaultName276587_59.jpg,755.5212450027466,729.1046833992004,0.6995567083358765,0.6750969290733337,742.3129642009735,0.6873268187046051
defaultName276587_6.jpg,755.3214955329895,729.722535610199,0.6993717551231384,0.6756690144538879,742.5220155715942,0.6875203847885132
defaultName276587_60.jpg,756.4129400253296,730.8103108406067,0.7003823518753052,0.6766762137413025,743.6116254329681,0.6885292828083038
defaultName276587_61.jpg,755.1594042778015,728.4402894973755,0.699221670627594,0.6744817495346069,741.7998468875885,0.6868517100811005
defaultName276587_62.jpg,756.1052370071411,730.1699924468994,0.7000974416732788,0.6760833263397217,743.1376147270203,0.6880903840065002
defaultName276587_63.jpg,756.1268019676208,730.2479481697083,0.7001174092292786,0.6761555075645447,743.1873750686646,0.6881364583969116
defaultName276587_64.jpg,755.4412293434143,728.9295244216919,0.6994826197624207,0.6749347448348999,742.1853768825531,0.6872086822986603
defaultName276587_65.jpg,756.3790154457092,730.6964993476868,0.7003509402275085,0.6765708327293396,743.537757396698,0.6884608864784241
defaultName276587_66.jpg,755.1552200317383,728.3978033065796,0.6992177963256836,0.6744424104690552,741.7765116691589,0.6868301033973694
defaultName276587_67.jpg,755.9252500534058,729.9699211120605,0.6999307870864868,0.6758980751037598,742.9475855827332,0.6879144310951233
defaultName276587_68.jpg,756.1552548408508,730.3797841072083,0.7001437544822693,0.6762775778770447,743.2675194740295,0.688210666179657
defaultName276587_69.jpg,755.4029273986816,728.9188385009766,0.6994471549987793,0.6749248504638672,742.1608829498291,0.6871860027313232
defaultName276587_7.jpg,756.1660695075989,731.351945400238,0.7001537680625916,0.6771777272224426,743.7590074539185,0.6886657476425171
defaultName276587_70.jpg,756.2521362304688,730.6421685218811,0.7002334594726562,0.6765205264091492,743.4471523761749,0.6883769929409027
defaultName276587_71.jpg,755.0139212608337,728.2819962501526,0.6990869641304016,0.6743351817131042,741.6479587554932,0.6867110729217529
defaultName276587_72.jpg,755.8866906166077,729.9857568740845,0.6998950839042664,0.6759127378463745,742.9362237453461,0.6879039108753204
defaultName276587_73.jpg,756.2076544761658,730.5463171005249,0.7001922726631165,0.6764317750930786,743.3769857883453,0.6883120238780975
defaultName276587_74.jpg,755.3535532951355,728.9054489135742,0.6994014382362366,0.6749124526977539,742.1295011043549,0.6871569454669952
defaultName276587_75.jpg,756.2262582778931,730.6112694740295,0.7002094984054565,0.676491916179657,743.4187638759613,0.6883507072925568
defaultName276587_76.jpg,754.9417591094971,728.1835055351257,0.6990201473236084,0.6742439866065979,741.5626323223114,0.6866320669651031
defaultName276587_77.jpg,755.7365083694458,729.7640562057495,0.6997560262680054,0.6757074594497681,742.7502822875977,0.6877317428588867
defaultName276587_78.jpg,756.0869550704956,730.4258108139038,0.7000805139541626,0.6763201951980591,743.2563829421997,0.6882003545761108
defaultName276587_79.jpg,755.2428317070007,728.7540435791016,0.6992989182472229,0.6747722625732422,741.9984376430511,0.6870355904102325
defaultName276587_8.jpg,755.5467367172241,730.1417326927185,0.6995803117752075,0.6760571599006653,742.8442347049713,0.6878187358379364
defaultName276587_80.jpg,756.0877275466919,730.416669845581,0.7000812292098999,0.676311731338501,743.2521986961365,0.6881964802742004
defaultName276587_81.jpg,754.8585891723633,728.1155920028687,0.6989431381225586,0.6741811037063599,741.487090587616,0.6865621209144592
defaultName276587_82.jpg,755.6832718849182,729.6790194511414,0.6997067332267761,0.6756287217140198,742.6811456680298,0.687667727470398
defaultName276587_83.jpg,755.9968972206116,730.3195309638977,0.6999971270561218,0.6762217879295349,743.1582140922546,0.6881094574928284
defaultName276587_84.jpg,754.9738812446594,728.3889198303223,0.6990498900413513,0.6744341850280762,741.6814005374908,0.6867420375347137
defaultName276587_85.jpg,755.8691167831421,730.1107048988342,0.6998788118362427,0.6760284304618835,742.9899108409882,0.6879536211490631
defaultName276587_86.jpg,754.6957898139954,727.8147125244141,0.6987923979759216,0.6739025115966797,741.2552511692047,0.6863474547863007
defaultName276587_87.jpg,755.4720640182495,729.3709301948547,0.6995111703872681,0.6753434538841248,742.4214971065521,0.6874273121356964
defaultName276587_88.jpg,755.936644077301,730.2431845664978,0.6999413371086121,0.6761510968208313,743.0899143218994,0.6880462169647217
defaultName276587_89.jpg,754.8397278785706,728.1877541542053,0.6989256739616394,0.6742479205131531,741.5137410163879,0.6865867972373962
defaultName276587_9.jpg,755.5466079711914,730.1128935813904,0.699580192565918,0.6760304570198059,742.8297507762909,0.6878053247928619
defaultName276587_90.jpg,755.7225394248962,729.8719453811646,0.6997430920600891,0.6758073568344116,742.7972424030304,0.6877752244472504
defaultName276587_91.jpg,754.5980715751648,727.6611185073853,0.6987019181251526,0.6737602949142456,741.129595041275,0.6862311065196991
defaultName276587_92.jpg,755.3951382637024,729.1993117332458,0.6994399428367615,0.6751845479011536,742.2972249984741,0.6873122453689575
defaultName276587_93.jpg,755.9381246566772,730.2474331855774,0.6999427080154419,0.6761550307273865,743.0927789211273,0.6880488693714142
defaultName276587_94.jpg,754.7986578941345,728.1032967567444,0.6988876461982727,0.6741697192192078,741.4509773254395,0.6865286827087402
defaultName276587_95.jpg,755.6340265274048,729.711012840271,0.699661135673523,0.6756583452224731,742.6725196838379,0.687659740447998
defaultName276587_96.jpg,754.4800114631653,727.4706387519836,0.6985926032066345,0.6735839247703552,740.9753251075745,0.6860882639884949
defaultName276587_97.jpg,755.2596974372864,728.9743280410767,0.699314534664154,0.6749762296676636,742.1170127391815,0.6871453821659088
defaultName276587_98.jpg,755.8569502830505,730.1271843910217,0.6998675465583801,0.676043689250946,742.9920673370361,0.6879556179046631
defaultName276587_99.jpg,754.7067332267761,727.9407548904419,0.6988025307655334,0.6740192174911499,741.323744058609,0.6864108741283417
defaultName_0.jpg,764.076611995697,731.0193300247192,0.7074783444404602,0.6768697500228882,747.5479710102081,0.6921740472316742
defaultName_1.jpg,764.9835634231567,732.7283692359924,0.7083181142807007,0.67845219373703,748.8559663295746,0.6933851540088654
defaultName_10.jpg,761.9822359085083,728.5029888153076,0.7055391073226929,0.6745398044586182,745.242612361908,0.6900394558906555
defaultName_100.jpg,765.4167938232422,740.9040641784668,0.7087192535400391,0.6860222816467285,753.1604290008545,0.6973707675933838
defaultName_101.jpg,765.7660818099976,742.1239328384399,0.7090426683425903,0.6871517896652222,753.9450073242188,0.6980972290039062
defaultName_102.jpg,765.1761674880981,740.3658413887024,0.7084964513778687,0.6855239272117615,752.7710044384003,0.6970101892948151
defaultName_103.jpg,765.567877292633,741.6052794456482,0.7088591456413269,0.6866715550422668,753.5865783691406,0.6977653503417969
defaultName_104.jpg,765.188205242157,740.6076908111572,0.7085075974464417,0.6857478618621826,752.8979480266571,0.6971277296543121
defaultName_105.jpg,765.1989555358887,740.675733089447,0.7085175514221191,0.6858108639717102,752.9373443126678,0.6971642076969147
defaultName_106.jpg,765.6219506263733,741.9635152816772,0.7089092135429382,0.6870032548904419,753.7927329540253,0.6979562342166901
defaultName_107.jpg,765.0517344474792,740.1935791969299,0.7083812355995178,0.6853644251823425,752.6226568222046,0.6968728303909302
defaultName_108.jpg,765.414605140686,741.3804888725281,0.7087172269821167,0.6864634156227112,753.397547006607,0.6975903213024139
defaultName_109.jpg,765.1387023925781,740.4669713973999,0.7084617614746094,0.6856175661087036,752.802836894989,0.6970396637916565
defaultName_11.jpg,763.3607196807861,730.7687258720398,0.7068154811859131,0.6766377091407776,747.064722776413,0.6917265951633453
defaultName_110.jpg,765.0957012176514,740.4846739768982,0.7084219455718994,0.6856339573860168,752.7901875972748,0.6970279514789581
defaultName_111.jpg,765.4007649421692,741.6260075569153,0.70870441198349,0.6866907477378845,753.5133862495422,0.6976975798606873
defaultName_112.jpg,764.9065089225769,739.996919631958,0.7082467675209045,0.6851823329925537,752.4517142772675,0.6967145502567291
defaultName_113.jpg,765.1170086860657,741.042788028717,0.7084416747093201,0.6861507296562195,753.0798983573914,0.6972962021827698
defaultName_114.jpg,764.7870969772339,740.1096367835999,0.7081362009048462,0.6852867007255554,752.4483668804169,0.6967114508152008
defaultName_115.jpg,764.6116161346436,739.9739384651184,0.7079737186431885,0.6851610541343689,752.292777299881,0.6965673863887787
defaultName_116.jpg,764.9083113670349,741.1186838150024,0.7082484364509583,0.6862210035324097,753.0134975910187,0.697234719991684
defaultName_117.jpg,764.4031119346619,739.414279460907,0.707780659198761,0.6846428513526917,751.9086956977844,0.6962117552757263
defaultName_118.jpg,764.5185327529907,740.3896594047546,0.7078875303268433,0.6855459809303284,752.4540960788727,0.6967167556285858
defaultName_119.jpg,764.1022324562073,739.3801617622375,0.7075020670890808,0.6846112608909607,751.7411971092224,0.6960566639900208
defaultName_12.jpg,761.4903616905212,727.6863527297974,0.7050836682319641,0.6737836599349976,744.5883572101593,0.6894336640834808
defaultName_120.jpg,764.0665054321289,739.425094127655,0.7074689865112305,0.6846528649330139,751.745799779892,0.6960609257221222
defaultName_121.jpg,764.2295622825623,740.4840302467346,0.7076199650764465,0.6856333613395691,752.3567962646484,0.6966266632080078
defaultName_122.jpg,763.7556481361389,738.8248801231384,0.7071811556816101,0.6840971112251282,751.2902641296387,0.6956391334533691
defaultName_123.jpg,763.9806318283081,739.9190926551819,0.7073894739151001,0.6851102709770203,751.949862241745,0.6962498724460602
defaultName_124.jpg,763.6626291275024,739.0824365615845,0.7070950269699097,0.6843355894088745,751.3725328445435,0.6957153081893921
defaultName_125.jpg,763.6565136909485,739.1833090782166,0.707089364528656,0.6844289898872375,751.4199113845825,0.6957591772079468
defaultName_126.jpg,763.9752888679504,740.5394554138184,0.7073845267295837,0.6856846809387207,752.2573721408844,0.6965346038341522
defaultName_127.jpg,763.5649752616882,738.9213752746582,0.7070046067237854,0.6841864585876465,751.2431752681732,0.6955955326557159
defaultName_128.jpg,763.7855172157288,740.0710129737854,0.7072088122367859,0.6852509379386902,751.9282650947571,0.696229875087738
defaultName_129.jpg,763.5530662536621,739.2372536659241,0.706993579864502,0.6844789385795593,751.3951599597931,0.6957362592220306
defaultName_13.jpg,762.8741240501404,729.9531197547913,0.7063649296760559,0.6758825182914734,746.4136219024658,0.6911237239837646
defaultName_130.jpg,763.450198173523,739.1876220703125,0.7068983316421509,0.6844329833984375,751.3189101219177,0.6956656575202942
defaultName_131.jpg,763.8005805015564,740.4684519767761,0.7072227597236633,0.6856189370155334,752.1345162391663,0.6964208483695984
defaultName_132.jpg,763.3206152915955,738.7621164321899,0.706778347492218,0.6840389966964722,751.0413658618927,0.6954086720943451
defaultName_133.jpg,763.5704469680786,739.9385333061218,0.7070096731185913,0.6851282715797424,751.7544901371002,0.6960689723491669
defaultName_134.jpg,763.1557559967041,738.9095950126648,0.7066256999969482,0.6841755509376526,751.0326755046844,0.6954006254673004
defaultName_135.jpg,763.0349922180176,738.7949466705322,0.7065138816833496,0.6840693950653076,750.9149694442749,0.6952916383743286
defaultName_136.jpg,763.2335186004639,739.9075055122375,0.7066977024078369,0.6850995421409607,751.5705120563507,0.6958986222743988
defaultName_137.jpg,762.7341771125793,738.1358957290649,0.7062353491783142,0.6834591627120972,750.4350364208221,0.6948472559452057
defaultName_138.jpg,762.8047943115234,739.1058683395386,0.7063007354736328,0.6843572854995728,750.955331325531,0.6953290104866028
defaultName_139.jpg,762.39821434021,738.1389212608337,0.7059242725372314,0.6834619641304016,750.2685678005219,0.6946931183338165
defaultName_14.jpg,761.5271186828613,727.7039909362793,0.7051177024841309,0.673799991607666,744.6155548095703,0.6894588470458984
defaultName_140.jpg,762.3280477523804,738.0547213554382,0.7058593034744263,0.6833840012550354,750.1913845539093,0.6946216523647308
defaultName_141.jpg,762.4594974517822,739.1038727760315,0.7059810161590576,0.6843554377555847,750.7816851139069,0.6951682269573212
defaultName_142.jpg,762.0528531074524,737.4859857559204,0.7056044936180115,0.6828573942184448,749.7694194316864,0.6942309439182281
defaultName_143.jpg,762.102677822113,738.4911060333252,0.7056506276130676,0.6837880611419678,750.2968919277191,0.6947193443775177
defaultName_144.jpg,761.836109161377,737.7044034004211,0.7054038047790527,0.6830596327781677,749.770256280899,0.6942317187786102
defaultName_145.jpg,761.6865062713623,737.5502300262451,0.7052652835845947,0.6829168796539307,749.6183681488037,0.6940910816192627
defaultName_146.jpg,761.8494987487793,738.6548066139221,0.705416202545166,0.6839396357536316,750.2521526813507,0.6946779191493988
defaultName_147.jpg,761.376485824585,736.9397163391113,0.7049782276153564,0.6823515892028809,749.1581010818481,0.6936649084091187
defaultName_148.jpg,761.506712436676,737.9695558547974,0.7050988078117371,0.6833051443099976,749.7381341457367,0.6942019760608673
defaultName_149.jpg,761.1946964263916,737.1562027931213,0.7048099040985107,0.6825520396232605,749.1754496097565,0.6936809718608856
defaultName_15.jpg,761.9875144958496,728.5174083709717,0.7055439949035645,0.6745531558990479,745.2524614334106,0.6900485754013062
defaultName_150.jpg,761.0223698616028,736.9505953788757,0.704650342464447,0.6823616623878479,748.9864826202393,0.6935060024261475
defaultName_151.jpg,761.1498284339905,738.0200886726379,0.7047683596611023,0.6833519339561462,749.5849585533142,0.6940601468086243
defaultName_152.jpg,760.6261539459229,736.2580060958862,0.7042834758758545,0.6817203760147095,748.4420800209045,0.693001925945282
defaultName_153.jpg,760.6752061843872,737.1869730949402,0.7043288946151733,0.6825805306434631,748.9310896396637,0.6934547126293182
defaultName_154.jpg,760.4325842857361,736.4401817321777,0.7041042447090149,0.6818890571594238,748.4363830089569,0.6929966509342194
defaultName_155.jpg,760.2015495300293,736.1618328094482,0.703890323638916,0.681631326675415,748.1816911697388,0.6927608251571655
defaultName_156.jpg,760.3472900390625,737.1918654441833,0.7040252685546875,0.6825850605964661,748.7695777416229,0.6933051645755768
defaultName_157.jpg,759.6713733673096,735.2839136123657,0.7033994197845459,0.6808184385299683,747.4776434898376,0.6921089291572571
defaultName_158.jpg,759.8365545272827,736.2999773025513,0.7035523653030396,0.681759238243103,748.068265914917,0.6926558017730713
defaultName_159.jpg,759.4983386993408,735.4940271377563,0.7032392024993896,0.6810129880905151,747.4961829185486,0.6921260952949524
defaultName_16.jpg,763.2974410057068,730.7173562049866,0.7067568898200989,0.6765901446342468,747.0073986053467,0.6916735172271729
defaultName_160.jpg,759.2624115943909,735.2288103103638,0.7030207514762878,0.6807674169540405,747.2456109523773,0.6918940842151642
defaultName_161.jpg,759.6265053749084,736.5312695503235,0.7033578753471375,0.681973397731781,748.078887462616,0.6926656365394592
defaultName_162.jpg,759.0615034103394,734.7694444656372,0.7028347253799438,0.6803420782089233,746.9154739379883,0.6915884017944336
defaultName_163.jpg,759.3413972854614,735.924232006073,0.7030938863754272,0.6814113259315491,747.6328146457672,0.6922526061534882
defaultName_164.jpg,759.112229347229,735.2443885803223,0.7028816938400269,0.6807818412780762,747.1783089637756,0.6918317675590515
defaultName_165.jpg,758.9610171318054,735.0303483009338,0.7027416825294495,0.680583655834198,746.9956827163696,0.6916626691818237
defaultName_166.jpg,759.2795991897583,736.2254977226257,0.7030366659164429,0.6816902756690979,747.752548456192,0.6923634707927704
defaultName_167.jpg,758.686466217041,734.4447469711304,0.7024874687194824,0.6800414323806763,746.5656065940857,0.6912644505500793
defaultName_168.jpg,758.9817452430725,735.6518697738647,0.7027608752250671,0.6811591386795044,747.3168075084686,0.6919600069522858
defaultName_169.jpg,758.6450743675232,734.8726344108582,0.7024491429328918,0.6804376244544983,746.7588543891907,0.6914433836936951
defaultName_17.jpg,761.2940239906311,727.5081038475037,0.7049018740653992,0.6736186146736145,744.4010639190674,0.6892602443695068
defaultName_170.jpg,758.5654449462891,734.6762323379517,0.7023754119873047,0.6802557706832886,746.6208386421204,0.6913155913352966
defaultName_171.jpg,758.9156985282898,735.9429001808167,0.7026997208595276,0.6814286112785339,747.4292993545532,0.6920641660690308
defaultName_172.jpg,758.1423854827881,733.9633011817932,0.7019836902618408,0.6795956492424011,746.0528433322906,0.690789669752121
defaultName_173.jpg,758.3582925796509,735.0714826583862,0.7021836042404175,0.6806217432022095,746.7148876190186,0.6914026737213135
defaultName_174.jpg,757.9169511795044,734.1703248023987,0.7017749547958374,0.6797873377799988,746.0436379909515,0.6907811462879181
defaultName_175.jpg,757.590708732605,733.7198424339294,0.7014728784561157,0.6793702244758606,745.6552755832672,0.6904215514659882
defaultName_176.jpg,758.0064296722412,735.0242328643799,0.7018578052520752,0.6805779933929443,746.5153312683105,0.6912178993225098
defaultName_177.jpg,757.2038912773132,732.9852819442749,0.7011147141456604,0.6786900758743286,745.0945866107941,0.6899023950099945
defaultName_178.jpg,757.7280163764954,734.375159740448,0.7016000151634216,0.6799769997596741,746.0515880584717,0.6907885074615479
defaultName_179.jpg,757.401065826416,733.623411655426,0.7012972831726074,0.6792809367179871,745.512238740921,0.6902891099452972
defaultName_18.jpg,762.5863122940063,729.6583557128906,0.7060984373092651,0.6756095886230469,746.1223340034485,0.690854012966156
defaultName_180.jpg,757.3737716674805,733.4597754478455,0.7012720108032227,0.679129421710968,745.416773557663,0.6902007162570953
defaultName_181.jpg,758.0793642997742,735.0520420074463,0.7019253373146057,0.6806037425994873,746.5657031536102,0.6912645399570465
defaultName_182.jpg,757.2044062614441,732.9673862457275,0.7011151909828186,0.678673505783081,745.0858962535858,0.6898943483829498
defaultName_183.jpg,757.7985048294067,734.3749022483826,0.7016652822494507,0.679976761341095,746.0867035388947,0.6908210217952728
defaultName_184.jpg,757.5191259384155,733.7031054496765,0.7014065980911255,0.679354727268219,745.611115694046,0.6903806626796722
defaultName_185.jpg,757.4211502075195,733.4740018844604,0.7013158798217773,0.6791425943374634,745.44757604599,0.6902292370796204
defaultName_186.jpg,758.0173087120056,734.9611473083496,0.7018678784370422,0.6805195808410645,746.4892280101776,0.6911937296390533
defaultName_187.jpg,757.2712898254395,733.0358791351318,0.7011771202087402,0.6787369251251221,745.1535844802856,0.6899570226669312
defaultName_188.jpg,757.9080677032471,734.5245695114136,0.7017667293548584,0.6801153421401978,746.2163186073303,0.6909410357475281
defaultName_189.jpg,757.6573991775513,733.8902378082275,0.701534628868103,0.679527997970581,745.7738184928894,0.690531313419342
defaultName_19.jpg,761.0900259017944,727.3218727111816,0.704712986946106,0.6734461784362793,744.205949306488,0.6890795826911926
defaultName_190.jpg,757.4852657318115,733.576033115387,0.7013752460479736,0.6792370676994324,745.5306494235992,0.690306156873703
defaultName_191.jpg,758.0607604980469,735.0364637374878,0.7019081115722656,0.6805893182754517,746.5486121177673,0.6912487149238586
defaultName_192.jpg,757.3251056671143,733.1327605247498,0.7012269496917725,0.678826630115509,745.228933095932,0.6900267899036407
defaultName_193.jpg,757.9557037353516,734.6251845359802,0.7018108367919922,0.6802085041999817,746.2904441356659,0.6910096704959869
defaultName_194.jpg,757.7003359794617,733.9911103248596,0.7015743851661682,0.6796213984489441,745.8457231521606,0.6905978918075562
defaultName_195.jpg,757.5013589859009,733.6200642585754,0.7013901472091675,0.6792778372764587,745.5607116222382,0.6903339922428131
defaultName_196.jpg,758.170645236969,735.1686859130859,0.7020098567008972,0.6807117462158203,746.6696655750275,0.6913608014583588
defaultName_197.jpg,757.353687286377,733.2053732872009,0.7012534141540527,0.6788938641548157,745.2795302867889,0.6900736391544342
defaultName_198.jpg,757.8780698776245,734.5588803291321,0.7017389535903931,0.680147111415863,746.2184751033783,0.690943032503128
defaultName_199.jpg,757.7059364318848,734.0198850631714,0.7015795707702637,0.6796480417251587,745.8629107475281,0.6906138062477112
defaultName_2.jpg,762.7699685096741,729.2866015434265,0.7062684893608093,0.675265371799469,746.0282850265503,0.6907669305801392
defaultName_20.jpg,761.4869499206543,727.9834342002869,0.705080509185791,0.674058735370636,744.7351920604706,0.6895696222782135
defaultName_21.jpg,762.8163814544678,730.139479637146,0.7063114643096924,0.6760550737380981,746.4779305458069,0.6911832690238953
defaultName_22.jpg,760.8692908287048,726.9846224784851,0.7045086026191711,0.673133909702301,743.926956653595,0.6888212561607361
defaultName_23.jpg,762.163896560669,729.1412472724915,0.705707311630249,0.6751307845115662,745.6525719165802,0.6904190480709076
defaultName_24.jpg,752.8876161575317,726.7433524131775,0.6971181631088257,0.6729105114936829,739.8154842853546,0.6850143373012543
defaultName_25.jpg,751.6014432907104,729.4033098220825,0.6959272623062134,0.6753734350204468,740.5023765563965,0.6856503486633301
defaultName_26.jpg,750.3766822814941,730.4437708854675,0.6947932243347168,0.6763368248939514,740.4102265834808,0.6855650246143341
defaultName_27.jpg,747.9534244537354,727.2535729408264,0.692549467086792,0.6733829379081726,737.6034986972809,0.6829662024974823
defaultName_28.jpg,748.5107016563416,728.7586140632629,0.6930654644966125,0.6747764945030212,738.6346578598022,0.6839209794998169
defaultName_29.jpg,747.4053525924683,726.8959164619446,0.6920419931411743,0.6730517745018005,737.1506345272064,0.6825468838214874
defaultName_3.jpg,763.7407779693604,731.0687041282654,0.707167387008667,0.6769154667854309,747.4047410488129,0.692041426897049
defaultName_30.jpg,747.5948023796082,727.4224877357483,0.6922174096107483,0.6735393404960632,737.5086450576782,0.6828783750534058
defaultName_31.jpg,748.8149285316467,729.5160913467407,0.693347156047821,0.6754778623580933,739.1655099391937,0.6844125092029572
defaultName_32.jpg,747.8581523895264,727.3398971557617,0.6924612522125244,0.6734628677368164,737.599024772644,0.6829620599746704
defaultName_33.jpg,748.5347127914429,728.7535285949707,0.6930876970291138,0.674771785736084,738.6441206932068,0.6839297413825989
defaultName_34.jpg,747.8042721748352,727.185595035553,0.6924113631248474,0.6733199954032898,737.4949336051941,0.6828656792640686
defaultName_35.jpg,748.1606411933899,727.7746081352234,0.692741334438324,0.6738653779029846,737.9676246643066,0.6833033561706543
defaultName_36.jpg,749.1447758674622,729.5388793945312,0.6936525702476501,0.6754989624023438,739.3418276309967,0.684575766324997
defaultName_37.jpg,748.3806681632996,727.4847364425659,0.6929450631141663,0.673596978187561,737.9327023029327,0.6832710206508636
defaultName_38.jpg,749.3794798851013,729.1818022727966,0.6938698887825012,0.6751683354377747,739.280641078949,0.6845191121101379
defaultName_39.jpg,749.0739011764526,728.0489015579224,0.6935869455337524,0.6741193532943726,738.5614013671875,0.6838531494140625
defaultName_4.jpg,762.2043871879578,728.7019658088684,0.7057448029518127,0.6747240424156189,745.4531764984131,0.6902344226837158
defaultName_40.jpg,749.6540307998657,728.7937617301941,0.6941241025924683,0.6748090386390686,739.2238962650299,0.6844665706157684
defaultName_41.jpg,750.7378149032593,730.6816291809082,0.6951276063919067,0.6765570640563965,740.7097220420837,0.6858423352241516
defaultName_42.jpg,750.0685930252075,728.8019371032715,0.6945079565048218,0.6748166084289551,739.4352650642395,0.6846622824668884
defaultName_43.jpg,751.0242748260498,730.4919862747192,0.6953928470611572,0.6763814687728882,740.7581305503845,0.6858871579170227
defaultName_44.jpg,750.6081676483154,729.2041397094727,0.6950075626373291,0.6751890182495117,739.906153678894,0.6850982904434204
defaultName_45.jpg,751.0297465324402,729.7289085388184,0.6953979134559631,0.6756749153137207,740.3793275356293,0.6855364143848419
defaultName_46.jpg,751.8983316421509,731.3105535507202,0.6962021589279175,0.677139401435852,741.6044425964355,0.6866707801818848
defaultName_47.jpg,751.2294960021973,729.4159269332886,0.6955828666687012,0.6753851175308228,740.3227114677429,0.685483992099762
defaultName_48.jpg,752.1638703346252,731.025059223175,0.696448028087616,0.6768750548362732,741.5944647789001,0.6866615414619446
defaultName_49.jpg,751.8998122215271,729.9334859848022,0.6962035298347473,0.6758643388748169,740.9166491031647,0.6860339343547821
defaultName_5.jpg,762.5129270553589,729.2986392974854,0.7060304880142212,0.675276517868042,745.9057831764221,0.6906535029411316
defaultName_50.jpg,752.3679327964783,730.5120706558228,0.696636974811554,0.6764000654220581,741.4400017261505,0.686518520116806
defaultName_51.jpg,753.4375548362732,732.2805261611938,0.6976273655891418,0.6780375242233276,742.8590404987335,0.6878324449062347
defaultName_52.jpg,753.013014793396,730.7546925544739,0.6972342729568481,0.6766247153282166,741.8838536739349,0.6869294941425323
defaultName_53.jpg,754.1307878494263,732.5476098060608,0.698269248008728,0.6782848238945007,743.3391988277435,0.6882770359516144
defaultName_54.jpg,753.9926433563232,731.6480612754822,0.69814133644104,0.6774519085884094,742.8203523159027,0.6877966225147247
defaultName_55.jpg,754.5619583129883,732.3239135742188,0.6986684799194336,0.6780776977539062,743.4429359436035,0.6883730888366699
defaultName_56.jpg,755.8111810684204,734.2894148826599,0.6998251676559448,0.6798976063728333,745.0502979755402,0.689861387014389
defaultName_57.jpg,755.1780080795288,732.5014543533325,0.6992388963699341,0.6782420873641968,743.8397312164307,0.6887404918670654
defaultName_58.jpg,756.2375235557556,734.2398476600647,0.7002199292182922,0.6798517107963562,745.2386856079102,0.6900358200073242
defaultName_59.jpg,756.0869550704956,733.3612203598022,0.7000805139541626,0.6790381669998169,744.7240877151489,0.6895593404769897
defaultName_6.jpg,763.7998080253601,731.4041519165039,0.707222044467926,0.6772260665893555,747.601979970932,0.6922240555286407
defaultName_60.jpg,756.6879415512085,734.0626931190491,0.7006369829177856,0.6796876788139343,745.3753173351288,0.69016233086586
defaultName_61.jpg,757.9829978942871,736.045253276825,0.701836109161377,0.6815233826637268,747.014125585556,0.6916797459125519
defaultName_62.jpg,757.515070438385,734.4028401374817,0.7014028429985046,0.6800026297569275,745.9589552879333,0.6907027363777161
defaultName_63.jpg,758.7352609634399,736.2519550323486,0.7025326490402222,0.6817147731781006,747.4936079978943,0.6921237111091614
defaultName_64.jpg,758.5988545417786,735.3517627716064,0.7024063467979431,0.6808812618255615,746.9753086566925,0.6916438043117523
defaultName_65.jpg,759.4700145721436,736.2702369689941,0.7032129764556885,0.6817317008972168,747.8701257705688,0.6924723386764526
defaultName_66.jpg,760.6952261924744,738.1947326660156,0.7043474316596985,0.6835136413574219,749.444979429245,0.6939305365085602
defaultName_67.jpg,760.2109479904175,736.4956712722778,0.7038990259170532,0.6819404363632202,748.3533096313477,0.6929197311401367
defaultName_68.jpg,761.5506792068481,738.5090661048889,0.7051395177841187,0.6838046908378601,750.0298726558685,0.6944721043109894
defaultName_69.jpg,761.2866854667664,737.4621033668518,0.7048950791358948,0.6828352808952332,749.3743944168091,0.693865180015564
defaultName_7.jpg,761.8337917327881,728.1894278526306,0.7054016590118408,0.6742494702339172,745.0116097927094,0.689825564622879
defaultName_70.jpg,761.7840313911438,738.0325770378113,0.7053555846214294,0.6833634972572327,749.9083042144775,0.694359540939331
defaultName_71.jpg,762.9654693603516,739.9255299568176,0.7064495086669922,0.6851162314414978,751.4454996585846,0.695782870054245
defaultName_72.jpg,762.3756837844849,738.1989169120789,0.7059034109115601,0.6835175156593323,750.2873003482819,0.6947104632854462
defaultName_73.jpg,763.365740776062,739.909565448761,0.7068201303482056,0.6851014494895935,751.6376531124115,0.6959607899188995
defaultName_74.jpg,763.0333185195923,738.8694906234741,0.7065123319625854,0.6841384172439575,750.9514045715332,0.6953253746032715
defaultName_75.jpg,763.3789372444153,739.3000817298889,0.7068323493003845,0.6845371127128601,751.3395094871521,0.6956847310066223
defaultName_76.jpg,764.3735003471375,741.042788028717,0.7077532410621643,0.6861507296562195,752.7081441879272,0.6969519853591919
defaultName_77.jpg,763.6247134208679,739.1880083084106,0.707059919834137,0.6844333410263062,751.4063608646393,0.6957466304302216
defaultName_78.jpg,764.5335960388184,740.8532738685608,0.7079014778137207,0.6859752535820007,752.6934349536896,0.6969383656978607
defaultName_79.jpg,764.2911672592163,739.918577671051,0.7076770067214966,0.6851097941398621,752.1048724651337,0.6963934004306793
defaultName_8.jpg,762.9806613922119,730.1265406608582,0.7064635753631592,0.6760430932044983,746.553601026535,0.6912533342838287
defaultName_80.jpg,764.6326661109924,740.3817415237427,0.70799320936203,0.685538649559021,752.5072038173676,0.6967659294605255
defaultName_81.jpg,765.5897641181946,742.1121525764465,0.7088794112205505,0.6871408820152283,753.8509583473206,0.6980101466178894
defaultName_82.jpg,764.9063801765442,740.328118801117,0.708246648311615,0.6854889988899231,752.6172494888306,0.696867823600769
defaultName_83.jpg,765.6748008728027,741.8889713287354,0.7089581489562988,0.686934232711792,753.781886100769,0.6979461908340454
defaultName_84.jpg,765.4086184501648,740.9341263771057,0.7087116837501526,0.6860501170158386,753.1713724136353,0.6973809003829956
defaultName_85.jpg,765.6281304359436,741.2476873397827,0.7089149355888367,0.6863404512405396,753.4379088878632,0.6976276934146881
defaultName_86.jpg,766.3771104812622,742.7887773513794,0.7096084356307983,0.6877673864364624,754.5829439163208,0.6986879110336304
defaultName_87.jpg,765.61847448349,740.8369874954224,0.7089059948921204,0.6859601736068726,753.2277309894562,0.6974330842494965
defaultName_88.jpg,766.1796140670776,742.197253704071,0.7094255685806274,0.6872196793556213,754.1884338855743,0.6983226239681244
defaultName_89.jpg,765.7005500793457,741.0648679733276,0.708981990814209,0.6861711740493774,753.3827090263367,0.6975765824317932
defaultName_9.jpg,761.4985370635986,727.7083683013916,0.7050912380218506,0.6738040447235107,744.6034526824951,0.6894476413726807
defaultName_90.jpg,765.8090829849243,741.2861824035645,0.7090824842453003,0.6863760948181152,753.5476326942444,0.6977292895317078
defaultName_91.jpg,766.3955211639404,742.7003288269043,0.7096254825592041,0.687685489654541,754.5479249954224,0.6986554861068726
defaultName_92.jpg,765.6894779205322,740.8329319953918,0.7089717388153076,0.6859564185142517,753.261204957962,0.6974640786647797
defaultName_93.jpg,766.1722111701965,742.1754312515259,0.7094187140464783,0.6871994733810425,754.1738212108612,0.6983090937137604
defaultName_94.jpg,765.6395888328552,740.9943795204163,0.7089255452156067,0.6861059069633484,753.3169841766357,0.6975157260894775
defaultName_95.jpg,765.6303834915161,741.1075472831726,0.7089170217514038,0.6862106919288635,753.3689653873444,0.6975638568401337
defaultName_96.jpg,766.062068939209,742.3811030387878,0.7093167304992676,0.6873899102210999,754.2215859889984,0.6983533203601837
defaultName_97.jpg,765.4002499580383,740.5906963348389,0.7087039351463318,0.6857321262359619,752.9954731464386,0.6972180306911469
defaultName_98.jpg,765.7881617546082,741.787519454956,0.7090631127357483,0.686840295791626,753.7878406047821,0.6979517042636871
defaultName_99.jpg,765.4158926010132,740.7935357093811,0.7087184190750122,0.6859199404716492,753.1047141551971,0.6973191797733307
defaultNamew276_0.jpg,765.3591156005859,736.9408750534058,0.7086658477783203,0.6823526620864868,751.1499953269958,0.6955092549324036
defaultNamew276_1.jpg,758.2554888725281,729.1813516616821,0.7020884156227112,0.6751679182052612,743.7184202671051,0.6886281669139862
defaultNamew276_10.jpg,769.3956255912781,740.891125202179,0.7124033570289612,0.6860103011131287,755.1433753967285,0.6992068290710449
defaultNamew276_100.jpg,780.7093119621277,751.0545945167542,0.7228789925575256,0.6954209208488464,765.8819532394409,0.709149956703186
defaultNamew276_101.jpg,777.0261454582214,745.3103971481323,0.7194686532020569,0.690102219581604,761.1682713031769,0.7047854363918304
defaultNamew276_102.jpg,780.173020362854,749.9739646911621,0.7223824262619019,0.694420337677002,765.073492527008,0.7084013819694519
defaultNamew276_103.jpg,780.115213394165,751.4609813690186,0.7223289012908936,0.6957972049713135,765.7880973815918,0.7090630531311035
defaultNamew276_104.jpg,777.5218176841736,746.4884877204895,0.7199276089668274,0.6911930441856384,762.0051527023315,0.7055603265762329
defaultNamew276_105.jpg,781.7468118667603,751.7886400222778,0.7238396406173706,0.6961005926132202,766.767725944519,0.7099701166152954
defaultNamew276_106.jpg,773.7627553939819,743.5318350791931,0.7164469957351685,0.6884554028511047,758.6472952365875,0.7024511992931366
defaultNamew276_107.jpg,777.2110247612,746.8044304847717,0.7196398377418518,0.691485583782196,762.0077276229858,0.7055627107620239
defaultNamew276_108.jpg,782.0487856864929,752.3357462882996,0.724119246006012,0.6966071724891663,767.1922659873962,0.7103632092475891
defaultNamew276_109.jpg,775.4494571685791,745.6323266029358,0.7180087566375732,0.6904003024101257,760.5408918857574,0.7042045295238495
defaultNamew276_11.jpg,761.9819140434265,731.8498063087463,0.705538809299469,0.6776387095451355,746.9158601760864,0.6915887594223022
defaultNamew276_110.jpg,778.5326671600342,749.3038415908813,0.7208635807037354,0.6937998533248901,763.9182543754578,0.7073317170143127
defaultNamew276_111.jpg,776.2545704841614,744.8055195808411,0.718754231929779,0.6896347403526306,760.5300450325012,0.7041944861412048
defaultNamew276_112.jpg,778.0607485771179,748.1773781776428,0.720426619052887,0.6927568316459656,763.1190633773804,0.7065917253494263
defaultNamew276_113.jpg,777.7079200744629,749.184558391571,0.720099925994873,0.6936894059181213,763.446239233017,0.7068946659564972
defaultNamew276_114.jpg,775.7587051391602,744.7041320800781,0.7182950973510742,0.6895408630371094,760.2314186096191,0.7039179801940918
defaultNamew276_115.jpg,780.295135974884,750.1563334465027,0.7224954962730408,0.6945891976356506,765.2257347106934,0.7085423469543457
defaultNamew276_116.jpg,770.6588172912598,740.3935217857361,0.7135729789733887,0.6855495572090149,755.5261695384979,0.6995612680912018
defaultNamew276_117.jpg,773.9660453796387,744.1070079803467,0.7166352272033691,0.6889879703521729,759.0365266799927,0.702811598777771
defaultNamew276_118.jpg,780.5594515800476,750.9425854682922,0.7227402329444885,0.6953172087669373,765.7510185241699,0.7090287208557129
defaultNamew276_119.jpg,776.5570592880249,745.7441425323486,0.7190343141555786,0.6905038356781006,761.1506009101868,0.7047690749168396
defaultNamew276_12.jpg,772.3837566375732,742.9368996620178,0.71517014503479,0.6879045367240906,757.6603281497955,0.7015373408794403
defaultNamew276_120.jpg,779.6068596839905,749.7360420227051,0.7218582034111023,0.6942000389099121,764.6714508533478,0.7080291211605072
defaultNamew276_121.jpg,775.6819725036621,744.6575260162354,0.718224048614502,0.689497709274292,760.1697492599487,0.703860878944397
defaultNamew276_122.jpg,777.9601979255676,747.580897808075,0.7203335165977478,0.6922045350074768,762.7705478668213,0.7062690258026123
defaultNamew276_123.jpg,781.1035323143005,751.8458032608032,0.7232440114021301,0.6961535215377808,766.4746677875519,0.7096987664699554
defaultNamew276_124.jpg,777.0180988311768,746.382143497467,0.71946120262146,0.6910945773124695,761.7001211643219,0.7052778899669647
defaultNamew276_125.jpg,780.1128315925598,750.4709243774414,0.7223266959190369,0.694880485534668,765.2918779850006,0.7086035907268524
defaultNamew276_126.jpg,776.195604801178,745.2738332748413,0.7186996340751648,0.6900683641433716,760.7347190380096,0.7043839991092682
defaultNamew276_127.jpg,778.2084202766418,747.9850959777832,0.7205633521080017,0.6925787925720215,763.0967581272125,0.7065710723400116
defaultNamew276_128.jpg,781.5282654762268,752.3871159553528,0.7236372828483582,0.696654736995697,766.9576907157898,0.7101460099220276
defaultNamew276_129.jpg,777.3967409133911,746.8881797790527,0.7198117971420288,0.6915631294250488,762.1424603462219,0.7056874632835388
defaultNamew276_13.jpg,772.7940702438354,744.7468757629395,0.7155500650405884,0.6895804405212402,758.7704730033875,0.7025652527809143
defaultNamew276_130.jpg,780.2548384666443,750.7243609428406,0.7224581837654114,0.6951151490211487,765.4895997047424,0.70878666639328
defaultNamew276_131.jpg,776.2870144844055,745.4855561256409,0.7187842726707458,0.6902644038200378,760.8862853050232,0.7045243382453918
defaultNamew276_132.jpg,778.0686664581299,747.8403854370117,0.7204339504241943,0.6924448013305664,762.9545259475708,0.7064393758773804
defaultNamew276_133.jpg,781.1467909812927,751.9427490234375,0.7232840657234192,0.6962432861328125,766.5447700023651,0.7097636759281158
defaultNamew276_134.jpg,776.6417098045349,746.0074925422668,0.7191126942634583,0.6907476782798767,761.3246011734009,0.7049301862716675
defaultNamew276_135.jpg,779.6238541603088,749.9380445480347,0.721873939037323,0.6943870782852173,764.7809493541718,0.7081305086612701
defaultNamew276_136.jpg,775.7270979881287,744.819746017456,0.7182658314704895,0.689647912979126,760.2734220027924,0.7039568722248077
defaultNamew276_137.jpg,777.447338104248,747.046537399292,0.7198586463928223,0.6917097568511963,762.24693775177,0.7057842016220093
defaultNamew276_138.jpg,780.2394533157349,750.8327651023865,0.7224439382553101,0.6952155232429504,765.5361092090607,0.7088297307491302
defaultNamew276_139.jpg,775.7994532585144,744.9735331535339,0.718332827091217,0.6897903084754944,760.3864932060242,0.7040615677833557
defaultNamew276_14.jpg,764.6365284919739,735.3771257400513,0.7079967856407166,0.680904746055603,750.0068271160126,0.6944507658481598
defaultNamew276_140.jpg,778.6126828193665,748.6977052688599,0.7209376692771912,0.6932386159896851,763.6551940441132,0.7070881426334381
defaultNamew276_141.jpg,775.0132012367249,743.9697003364563,0.7176048159599304,0.6888608336448669,759.4914507865906,0.7032328248023987
defaultNamew276_142.jpg,776.7830085754395,746.3117837905884,0.7192435264587402,0.69102942943573,761.5473961830139,0.7051364779472351
defaultNamew276_143.jpg,779.9838924407959,750.5773973464966,0.7222073078155518,0.6949790716171265,765.2806448936462,0.7085931897163391
defaultNamew276_144.jpg,775.9887742996216,745.2792406082153,0.7185081243515015,0.6900733709335327,760.6340074539185,0.7042907476425171
defaultNamew276_145.jpg,779.0992140769958,749.3743944168091,0.7213881611824036,0.693865180015564,764.2368042469025,0.7076266705989838
defaultNamew276_146.jpg,775.7373976707458,744.9053621292114,0.7182753682136536,0.6897271871566772,760.3213798999786,0.7040012776851654
defaultNamew276_147.jpg,777.325029373169,747.0014762878418,0.719745397567749,0.6916680335998535,762.1632528305054,0.7057067155838013
defaultNamew276_148.jpg,780.4792428016663,751.195056438446,0.7226659655570984,0.6955509781837463,765.8371496200562,0.7091084718704224
defaultNamew276_149.jpg,776.3063263893127,745.6625175476074,0.7188021540641785,0.6904282569885254,760.9844219684601,0.7046152055263519
defaultNamew276_15.jpg,769.927282333374,741.4715766906738,0.7128956317901611,0.6865477561950684,755.6994295120239,0.6997216939926147
defaultNamew276_150.jpg,779.2356204986572,749.5167231559753,0.7215144634246826,0.6939969658851624,764.3761718273163,0.7077557146549225
defaultNamew276_151.jpg,775.8064699172974,745.0194311141968,0.7183393239974976,0.6898328065872192,760.4129505157471,0.7040860652923584
defaultNamew276_152.jpg,777.2567939758301,746.9240355491638,0.7196822166442871,0.6915963292121887,762.090414762497,0.7056392729282379
defaultNamew276_153.jpg,780.4250407218933,751.1266279220581,0.7226157784461975,0.6954876184463501,765.7758343219757,0.7090516984462738
defaultNamew276_154.jpg,776.4267039299011,745.7911992073059,0.7189136147499084,0.6905474066734314,761.1089515686035,0.7047305107116699
defaultNamew276_155.jpg,779.4234609603882,749.7621130943298,0.7216883897781372,0.6942241787910461,764.592787027359,0.7079562842845917
defaultNamew276_156.jpg,776.1838245391846,745.4068922996521,0.7186887264251709,0.6901915669441223,760.7953584194183,0.7044401466846466
defaultNamew276_157.jpg,777.4240350723267,747.0523309707642,0.7198370695114136,0.6917151212692261,762.2381830215454,0.7057760953903198
defaultNamew276_158.jpg,780.3877687454224,751.0243391990662,0.7225812673568726,0.695392906665802,765.7060539722443,0.7089870870113373
defaultNamew276_159.jpg,776.2503862380981,745.4683041572571,0.7187503576278687,0.690248429775238,760.8593451976776,0.7044993937015533
defaultNamew276_16.jpg,771.5187120437622,741.4203357696533,0.7143691778182983,0.6865003108978271,756.4695239067078,0.7004347443580627
defaultNamew276_160.jpg,779.0324592590332,749.2088913917542,0.7213263511657715,0.6937119364738464,764.1206753253937,0.707519143819809
defaultNamew276_161.jpg,775.9710717201233,745.0822591781616,0.7184917330741882,0.68989098072052,760.5266654491425,0.7041913568973541
defaultNamew276_162.jpg,777.0883941650391,746.5604567527771,0.7195262908935547,0.6912596821784973,761.8244254589081,0.705392986536026
defaultNamew276_163.jpg,779.8499321937561,750.306966304779,0.7220832705497742,0.694728672504425,765.0784492492676,0.7084059715270996
defaultNamew276_164.jpg,775.8345365524292,744.8839902877808,0.7183653116226196,0.6897073984146118,760.359263420105,0.7040363550186157
defaultNamew276_165.jpg,778.7122678756714,748.7387108802795,0.7210298776626587,0.693276584148407,763.7254893779755,0.7071532309055328
defaultNamew276_166.jpg,776.0756134986877,745.1837110519409,0.7185885310173035,0.689984917640686,760.6296622753143,0.7042867243289948
defaultNamew276_167.jpg,777.2548627853394,746.7644548416138,0.7196804285049438,0.6914485692977905,762.0096588134766,0.7055644989013672
defaultNamew276_168.jpg,780.328803062439,750.9037041664124,0.7225266695022583,0.6952812075614929,765.6162536144257,0.7089039385318756
defaultNamew276_169.jpg,776.4144730567932,745.636510848999,0.7189022898674011,0.6904041767120361,761.0254919528961,0.7046532332897186
defaultNamew276_17.jpg,766.683783531189,737.52769947052,0.7098923921585083,0.6828960180282593,752.1057415008545,0.6963942050933838
defaultNamew276_170.jpg,779.2988348007202,749.5081615447998,0.721572995185852,0.6939890384674072,764.40349817276,0.7077810168266296
defaultNamew276_171.jpg,776.5091013908386,745.7400226593018,0.718989908695221,0.690500020980835,761.1245620250702,0.704744964838028
defaultNamew276_172.jpg,777.4368453025818,746.9866704940796,0.7198489308357239,0.6916543245315552,762.2117578983307,0.7057516276836395
defaultNamew276_173.jpg,780.4749941825867,751.0932183265686,0.7226620316505432,0.6954566836357117,765.7841062545776,0.7090593576431274
defaultNamew276_174.jpg,776.485025882721,745.6905198097229,0.718967616558075,0.6904541850090027,761.0877728462219,0.7047109007835388
defaultNamew276_175.jpg,779.2466282844543,749.4261503219604,0.7215246558189392,0.6939131021499634,764.3363893032074,0.7077188789844513
defaultNamew276_176.jpg,776.4449858665466,745.6759071350098,0.7189305424690247,0.6904406547546387,761.0604465007782,0.7046855986118317
defaultNamew276_177.jpg,777.2470736503601,746.7083859443665,0.719673216342926,0.6913966536521912,761.9777297973633,0.7055349349975586
defaultNamew276_178.jpg,780.0984120368958,750.5829977989197,0.7223133444786072,0.6949842572212219,765.3407049179077,0.7086488008499146
defaultNamew276_179.jpg,776.1052250862122,745.2061128616333,0.7186159491539001,0.6900056600570679,760.6556689739227,0.704310804605484
defaultNamew276_18.jpg,769.5819211006165,741.6789865493774,0.7125758528709412,0.6867398023605347,755.630453824997,0.6996578276157379
defaultNamew276_180.jpg,778.8821482658386,748.9671063423157,0.721187174320221,0.6934880614280701,763.9246273040771,0.7073376178741455
defaultNamew276_181.jpg,776.4175629615784,745.6124353408813,0.7189051508903503,0.6903818845748901,761.0149991512299,0.7046435177326202
defaultNamew276_182.jpg,776.9939589500427,746.4023566246033,0.7194388508796692,0.691113293170929,761.698157787323,0.7052760720252991
defaultNamew276_183.jpg,779.8402118682861,750.2599096298218,0.7220742702484131,0.6946851015090942,765.050060749054,0.7083796858787537
defaultNamew276_184.jpg,775.9208607673645,744.9594354629517,0.7184452414512634,0.6897772550582886,760.4401481151581,0.704111248254776
defaultNamew276_185.jpg,778.6240124702454,748.6405420303345,0.7209481596946716,0.6931856870651245,763.6322772502899,0.7070669233798981
defaultNamew276_186.jpg,776.1632251739502,745.2967500686646,0.7186696529388428,0.6900895833969116,760.7299876213074,0.7043796181678772
defaultNamew276_187.jpg,776.4871501922607,745.75843334198,0.7189695835113525,0.6905170679092407,761.1227917671204,0.7047433257102966
defaultNamew276_188.jpg,779.3028903007507,749.58167552948,0.7215767502784729,0.6940571069717407,764.4422829151154,0.7078169286251068
defaultNamew276_189.jpg,775.5324339866638,744.4850707054138,0.7180855870246887,0.6893380284309387,760.0087523460388,0.7037118077278137
defaultNamew276_19.jpg,773.0140328407288,743.0944204330444,0.7157537341117859,0.688050389289856,758.0542266368866,0.7019020617008209
defaultNamew276_190.jpg,778.499321937561,748.5014963150024,0.7208327054977417,0.6930569410324097,763.5004091262817,0.7069448232650757
defaultNamew276_191.jpg,776.567873954773,745.9097099304199,0.7190443277359009,0.6906571388244629,761.2387919425964,0.7048507332801819
defaultNamew276_192.jpg,777.0247292518616,746.5264678001404,0.7194673418998718,0.6912282109260559,761.775598526001,0.7053477764129639
defaultNamew276_193.jpg,779.9634218215942,750.5188822746277,0.7221883535385132,0.6949248909950256,765.241152048111,0.7085566222667694
defaultNamew276_194.jpg,776.0358309745789,745.1987099647522,0.7185516953468323,0.6899988055229187,760.6172704696655,0.7042752504348755
defaultNamew276_195.jpg,778.80206823349,748.9907956123352,0.7211130261421204,0.6935099959373474,763.8964319229126,0.7073115110397339
defaultNamew276_196.jpg,776.7992949485779,746.2645983695984,0.7192586064338684,0.6909857392311096,761.5319466590881,0.705122172832489
defaultNamew276_197.jpg,776.9622230529785,746.4667296409607,0.7194094657897949,0.6911728978157043,761.7144763469696,0.7052911818027496
defaultNamew276_198.jpg,779.81929063797,750.4059720039368,0.7220548987388611,0.6948203444480896,765.1126313209534,0.7084376215934753
defaultNamew276_199.jpg,775.8520460128784,744.9963212013245,0.7183815240859985,0.6898114085197449,760.4241836071014,0.7040964663028717
defaultNamew276_2.jpg,768.0270552635193,739.1625809669495,0.7111361622810364,0.6844097971916199,753.5948181152344,0.6977729797363281
defaultNamew276_20.jpg,771.660783290863,742.3472428321838,0.7145007252693176,0.687358558177948,757.0040130615234,0.7009296417236328
defaultNamew276_21.jpg,763.9126539230347,733.969738483429,0.7073265314102173,0.6796016097068787,748.9411962032318,0.693464070558548
defaultNamew276_22.jpg,772.8335952758789,743.1997990608215,0.7155866622924805,0.6881479620933533,758.0166971683502,0.7018673121929169
defaultNamew276_23.jpg,776.3131499290466,747.4102449417114,0.7188084721565247,0.6920465230941772,761.861697435379,0.705427497625351
defaultNamew276_24.jpg,765.5736064910889,736.1269426345825,0.7088644504547119,0.6815990209579468,750.8502745628357,0.6952317357063293
defaultNamew276_25.jpg,771.4163589477539,742.5179600715637,0.7142744064331055,0.6875166296958923,756.9671595096588,0.7008955180644989
defaultNamew276_26.jpg,773.2778334617615,742.4748945236206,0.7159979939460754,0.6874767541885376,757.876363992691,0.7017373740673065
defaultNamew276_27.jpg,766.7116570472717,737.4273419380188,0.709918200969696,0.6828030943870544,752.0694994926453,0.6963606476783752
defaultNamew276_28.jpg,772.0146417617798,743.7409830093384,0.714828372001648,0.68864905834198,757.8778123855591,0.701738715171814
defaultNamew276_29.jpg,773.947377204895,743.8944482803345,0.7166179418563843,0.6887911558151245,758.9209127426147,0.7027045488357544
defaultNamew276_3.jpg,771.2366938591003,743.4959149360657,0.7141080498695374,0.6884221434593201,757.366304397583,0.7012650966644287
defaultNamew276_30.jpg,774.0281009674072,744.573004245758,0.7166926860809326,0.6894194483757019,759.3005526065826,0.7030560672283173
defaultNamew276_31.jpg,765.2589511871338,735.1379156112671,0.7085731029510498,0.6806832551956177,750.1984333992004,0.6946281790733337
defaultNamew276_32.jpg,774.5277643203735,744.5691418647766,0.7171553373336792,0.6894158720970154,759.5484530925751,0.7032856047153473
defaultNamew276_33.jpg,776.6349506378174,747.8266739845276,0.7191064357757568,0.6924321055412292,762.2308123111725,0.705769270658493
defaultNamew276_34.jpg,768.2726383209229,738.5315322875977,0.7113635540008545,0.6838254928588867,753.4020853042603,0.6975945234298706
defaultNamew276_35.jpg,772.3142337799072,743.4377217292786,0.7151057720184326,0.6883682608604431,757.8759777545929,0.7017370164394379
defaultNamew276_36.jpg,773.6551237106323,743.199155330658,0.716347336769104,0.6881473660469055,758.4271395206451,0.7022473514080048
defaultNamew276_37.jpg,771.8875694274902,742.2009873390198,0.7147107124328613,0.6872231364250183,757.044278383255,0.7009669244289398
defaultNamew276_38.jpg,774.1840767860413,745.7599782943726,0.7168371081352234,0.6905184984207153,759.9720275402069,0.7036778032779694
defaultNamew276_39.jpg,775.7478904724121,746.0161828994751,0.718285083770752,0.6907557249069214,760.8820366859436,0.7045204043388367
defaultNamew276_4.jpg,760.4122424125671,731.1938452720642,0.7040854096412659,0.6770313382148743,745.8030438423157,0.6905583739280701
defaultNamew276_40.jpg,776.3832521438599,747.2151303291321,0.7188733816146851,0.691865861415863,761.799191236496,0.705369621515274
defaultNamew276_41.jpg,769.2578029632568,738.8308024406433,0.7122757434844971,0.6841025948524475,754.0443027019501,0.6981891691684723
defaultNamew276_42.jpg,774.1446805000305,744.483654499054,0.7168006300926208,0.6893367171287537,759.3141674995422,0.7030686736106873
defaultNamew276_43.jpg,778.4238767623901,749.726128578186,0.7207628488540649,0.6941908597946167,764.0750026702881,0.7074768543243408
defaultNamew276_44.jpg,770.9540319442749,740.7530450820923,0.7138463258743286,0.6858824491500854,755.8535385131836,0.699864387512207
defaultNamew276_45.jpg,774.3166208267212,745.0979661941528,0.7169598340988159,0.6899055242538452,759.707293510437,0.7034326791763306
defaultNamew276_46.jpg,773.1161284446716,742.497296333313,0.7158482670783997,0.6874974966049194,757.8067123889923,0.7016728818416595
defaultNamew276_47.jpg,773.2110786437988,743.2273507118225,0.7159361839294434,0.6881734728813171,758.2192146778107,0.7020548284053802
defaultNamew276_48.jpg,774.872739315033,745.9779453277588,0.7174747586250305,0.6907203197479248,760.4253423213959,0.7040975391864777
defaultNamew276_49.jpg,774.6908855438232,744.8861789703369,0.71730637550354,0.6897094249725342,759.7885322570801,0.7035079002380371
defaultNamew276_5.jpg,766.810405254364,738.4307885169983,0.7100096344947815,0.6837322115898132,752.6205968856812,0.6968709230422974
defaultNamew276_50.jpg,777.4554491043091,747.8275752067566,0.719866156578064,0.6924329400062561,762.6415121555328,0.70614954829216
defaultNamew276_51.jpg,770.1059174537659,739.1773223876953,0.7130610346794128,0.6844234466552734,754.6416199207306,0.6987422406673431
defaultNamew276_52.jpg,775.4059410095215,745.5698847770691,0.7179684638977051,0.6903424859046936,760.4879128932953,0.7041554749011993
defaultNamew276_53.jpg,779.9517703056335,750.9883546829224,0.7221775650978088,0.6953595876693726,765.470062494278,0.7087685763835907
defaultNamew276_54.jpg,772.8956508636475,742.4872541427612,0.715644121170044,0.6874881982803345,757.6914525032043,0.7015661597251892
defaultNamew276_55.jpg,775.9695911407471,746.4947319030762,0.7184903621673584,0.6911988258361816,761.2321615219116,0.70484459400177
defaultNamew276_56.jpg,775.8165764808655,744.9768161773682,0.7183486819267273,0.6897933483123779,760.3966963291168,0.7040710151195526
defaultNamew276_57.jpg,773.9684271812439,743.8974738121033,0.7166374325752258,0.688793957233429,758.9329504966736,0.7027156949043274
defaultNamew276_58.jpg,776.2586259841919,747.2602558135986,0.7187579870223999,0.6919076442718506,761.7594408988953,0.7053328156471252
defaultNamew276_59.jpg,776.5389704704285,746.5025210380554,0.7190175652503967,0.6912060379981995,761.520745754242,0.7051118016242981
defaultNamew276_6.jpg,767.1323347091675,737.5261545181274,0.7103077173233032,0.6828945875167847,752.3292446136475,0.696601152420044
defaultNamew276_60.jpg,778.4950089454651,748.924298286438,0.7208287119865417,0.6934484243392944,763.7096536159515,0.7071385681629181
defaultNamew276_61.jpg,770.8506488800049,739.8715853691101,0.7137506008148193,0.685066282749176,755.3611171245575,0.6994084417819977
defaultNamew276_62.jpg,776.4937162399292,746.4566230773926,0.7189756631851196,0.6911635398864746,761.4751696586609,0.7050696015357971
defaultNamew276_63.jpg,781.1335945129395,752.1697926521301,0.7232718467712402,0.6964535117149353,766.6516935825348,0.7098626792430878
defaultNamew276_64.jpg,774.4435000419617,743.9050054550171,0.7170773148536682,0.6888009309768677,759.1742527484894,0.7029391229152679
defaultNamew276_65.jpg,777.7231121063232,748.1222105026245,0.72011399269104,0.6927057504653931,762.9226613044739,0.7064098715782166
defaultNamew276_66.jpg,777.2134065628052,746.2328624725342,0.7196420431137085,0.6909563541412354,761.7231345176697,0.7052991986274719
defaultNamew276_67.jpg,776.8327689170837,746.1492419242859,0.7192896008491516,0.6908789277076721,761.4910054206848,0.7050842642784119
defaultNamew276_68.jpg,778.2280540466309,748.997232913971,0.7205815315246582,0.693515956401825,763.6126434803009,0.7070487439632416
defaultNamew276_69.jpg,778.2619142532349,747.9726076126099,0.7206128835678101,0.6925672292709351,763.1172609329224,0.7065900564193726
defaultNamew276_7.jpg,765.7154202461243,736.2860083580017,0.7089957594871521,0.6817463040351868,751.000714302063,0.6953710317611694
defaultNamew276_70.jpg,780.4083037376404,750.6462121009827,0.7226002812385559,0.6950427889823914,765.5272579193115,0.7088215351104736
defaultNamew276_71.jpg,773.4714031219482,742.2815823554993,0.716177225112915,0.6872977614402771,757.8764927387238,0.7017374932765961
defaultNamew276_72.jpg,778.6135196685791,748.66854429245,0.7209384441375732,0.6932116150856018,763.6410319805145,0.7070750296115875
defaultNamew276_73.jpg,782.5276565551758,753.558189868927,0.7245626449584961,0.6977390646934509,768.0429232120514,0.7111508548259735
defaultNamew276_74.jpg,775.677273273468,744.9024653434753,0.7182196974754333,0.6897245049476624,760.2898693084717,0.7039721012115479
defaultNamew276_75.jpg,778.746771812439,749.2286539077759,0.7210618257522583,0.6937302350997925,763.9877128601074,0.7073960304260254
defaultNamew276_76.jpg,777.7800178527832,747.0743465423584,0.7201666831970215,0.6917355060577393,762.4271821975708,0.7059510946273804
defaultNamew276_77.jpg,777.8702688217163,747.3932504653931,0.7202502489089966,0.6920307874679565,762.6317596435547,0.7061405181884766
defaultNamew276_78.jpg,779.3210434913635,750.2430438995361,0.7215935587882996,0.6946694850921631,764.7820436954498,0.7081315219402313
defaultNamew276_79.jpg,778.4317946434021,748.5634231567383,0.7207701802253723,0.6931142807006836,763.4976089000702,0.706942230463028
defaultNamew276_8.jpg,766.7380499839783,738.9352798461914,0.709942638874054,0.684199333190918,752.8366649150848,0.697070986032486
defaultNamew276_80.jpg,780.9495520591736,751.2112140655518,0.7231014370918274,0.695565938949585,766.0803830623627,0.7093336880207062
defaultNamew276_81.jpg,774.6807789802551,743.5544943809509,0.7172970175743103,0.6884763836860657,759.117636680603,0.702886700630188
defaultNamew276_82.jpg,779.0709543228149,749.168529510498,0.7213619947433472,0.6936745643615723,764.1197419166565,0.7075182795524597
defaultNamew276_83.jpg,783.246123790741,754.4184708595276,0.7252278923988342,0.6985356211662292,768.8322973251343,0.7118817567825317
defaultNamew276_84.jpg,777.1387982368469,746.2835240364075,0.7195729613304138,0.6910032629966736,761.7111611366272,0.7052881121635437
defaultNamew276_85.jpg,780.5830764770508,751.1586856842041,0.7227621078491211,0.6955173015594482,765.8708810806274,0.7091397047042847
defaultNamew276_86.jpg,778.2350707054138,747.6083850860596,0.7205880284309387,0.6922299861907959,762.9217278957367,0.7064090073108673
defaultNamew276_87.jpg,779.3442177772522,748.8127398490906,0.7216150164604187,0.6933451294898987,764.0784788131714,0.7074800729751587
defaultNamew276_88.jpg,780.7551455497742,751.5534853935242,0.7229214310646057,0.6958828568458557,766.1543154716492,0.7094021439552307
defaultNamew276_89.jpg,779.1188478469849,749.0800166130066,0.7214063405990601,0.6935926079750061,764.0994322299957,0.7074994742870331
defaultNamew276_9.jpg,770.376091003418,741.1184906959534,0.7133111953735352,0.6862208247184753,755.7472908496857,0.6997660100460052
defaultNamew276_90.jpg,781.6690492630005,751.9001340866089,0.7237676382064819,0.6962038278579712,766.7845916748047,0.7099857330322266
defaultNamew276_91.jpg,775.762825012207,744.1980957984924,0.7182989120483398,0.68907231092453,759.9804604053497,0.7036856114864349
defaultNamew276_92.jpg,779.4601535797119,749.2883920669556,0.7217223644256592,0.693785548210144,764.3742728233337,0.7077539563179016
defaultNamew276_93.jpg,782.0163416862488,752.958812713623,0.7240892052650452,0.6971840858459473,767.4875771999359,0.7106366455554962
defaultNamew276_94.jpg,777.9567217826843,746.6386699676514,0.7203302979469299,0.6913321018218994,762.2976958751678,0.7058311998844147
defaultNamew276_95.jpg,780.6894850730896,750.9118151664734,0.7228606343269348,0.6952887177467346,765.8006501197815,0.7090746760368347
defaultNamew276_96.jpg,776.7467021942139,746.0900187492371,0.7192099094390869,0.6908240914344788,761.4183604717255,0.7050170004367828
defaultNamew276_97.jpg,779.1124749183655,748.3479022979736,0.7214004397392273,0.6929147243499756,763.7301886081696,0.7071575820446014
defaultNamew276_98.jpg,781.4968514442444,751.8832039833069,0.7236081957817078,0.6961881518363953,766.6900277137756,0.7098981738090515
defaultNamew276_99.jpg,778.3174681663513,748.1256222724915,0.7206643223762512,0.6927089095115662,763.2215452194214,0.7066866159439087
testing_0.jpg,759.5433354377747,732.3485684394836,0.7032808661460876,0.6781005263328552,745.9459519386292,0.6906906962394714
testing_1.jpg,758.2665610313416,730.9662866592407,0.7020986676216125,0.6768206357955933,744.6164238452911,0.6894596517086029
testing_10.jpg,759.3992686271667,732.186541557312,0.7031474709510803,0.6779505014419556,745.7929050922394,0.6905489861965179
testing_11.jpg,758.0472421646118,730.7449078559875,0.7018955945968628,0.6766156554222107,744.3960750102997,0.6892556250095367
testing_12.jpg,759.0715456008911,731.8410515785217,0.7028440237045288,0.677630603313446,745.4562985897064,0.6902373135089874
testing_13.jpg,757.7710175514221,730.4235577583313,0.7016398310661316,0.6763181090354919,744.0972876548767,0.6889789700508118
testing_14.jpg,758.4224724769592,731.1476254463196,0.7022430300712585,0.6769885420799255,744.7850489616394,0.689615786075592
testing_15.jpg,759.3907070159912,732.191755771637,0.7031395435333252,0.6779553294181824,745.7912313938141,0.6905474364757538
testing_16.jpg,758.1186318397522,730.799560546875,0.7019616961479187,0.676666259765625,744.4590961933136,0.6893139779567719
testing_17.jpg,758.970673084259,731.7395997047424,0.7027506232261658,0.67753666639328,745.3551363945007,0.6901436448097229
testing_18.jpg,757.8201985359192,730.4755711555481,0.70168536901474,0.6763662695884705,744.1478848457336,0.6890258193016052
testing_19.jpg,758.4047698974609,731.1366820335388,0.7022266387939453,0.6769784092903137,744.7707259654999,0.6896025240421295
testing_2.jpg,759.1893482208252,731.9735312461853,0.7029531002044678,0.6777532696723938,745.5814397335052,0.6903531849384308
testing_20.jpg,759.4322276115417,732.2424817085266,0.7031779885292053,0.6780022978782654,745.8373546600342,0.6905901432037354
testing_21.jpg,758.1842279434204,730.8938670158386,0.7020224332809448,0.676753580570221,744.5390474796295,0.6893880069255829
testing_22.jpg,759.1410040855408,731.921067237854,0.7029083371162415,0.6777046918869019,745.5310356616974,0.6903065145015717
testing_23.jpg,757.8993129730225,730.5667233467102,0.701758623123169,0.6764506697654724,744.2330181598663,0.6891046464443207
testing_24.jpg,758.4913516044617,731.2297654151917,0.7023068070411682,0.6770645976066589,744.8605585098267,0.6896857023239136
testing_25.jpg,759.4169068336487,732.2267746925354,0.7031638026237488,0.6779877543449402,745.821840763092,0.6905757784843445
testing_26.jpg,758.1130313873291,730.8036160469055,0.7019565105438232,0.6766700148582458,744.4583237171173,0.6893132627010345
testing_27.jpg,759.0476632118225,731.8165254592896,0.7028219103813171,0.6776078939437866,745.432094335556,0.6902149021625519
testing_28.jpg,757.7444958686829,730.4102969169617,0.7016152739524841,0.6763058304786682,744.0773963928223,0.6889605522155762
testing_29.jpg,758.3873248100281,731.1116409301758,0.7022104859352112,0.6769552230834961,744.7494828701019,0.6895828545093536
testing_3.jpg,757.8655815124512,730.5264258384705,0.7017273902893066,0.676413357257843,744.1960036754608,0.6890703737735748
testing_30.jpg,759.371588230133,732.1743106842041,0.7031218409538269,0.6779391765594482,745.7729494571686,0.6905305087566376
testing_31.jpg,757.9957437515259,730.6781530380249,0.7018479108810425,0.6765538454055786,744.3369483947754,0.6892008781433105
testing_32.jpg,758.9473056793213,731.7217683792114,0.7027289867401123,0.6775201559066772,745.3345370292664,0.6901245713233948
testing_33.jpg,757.7786135673523,730.4429340362549,0.7016468644142151,0.6763360500335693,744.1107738018036,0.6889914572238922
testing_34.jpg,758.3073735237122,731.0344576835632,0.7021364569664001,0.6768837571144104,744.6709156036377,0.6895101070404053
testing_35.jpg,759.311785697937,732.0848321914673,0.7030664682388306,0.6778563261032104,745.6983089447021,0.6904613971710205
testing_36.jpg,758.0007004737854,730.6877446174622,0.7018525004386902,0.6765627264976501,744.3442225456238,0.6892076134681702
testing_37.jpg,758.8632988929749,731.6284275054932,0.7026512026786804,0.6774337291717529,745.245863199234,0.6900424659252167
testing_38.jpg,757.7690863609314,730.4351449012756,0.7016380429267883,0.6763288378715515,744.1021156311035,0.6889834403991699
testing_39.jpg,758.2764101028442,731.0040736198425,0.7021077871322632,0.6768556237220764,744.6402418613434,0.6894817054271698
testing_4.jpg,758.4883904457092,731.2166976928711,0.7023040652275085,0.6770524978637695,744.8525440692902,0.689678281545639
testing_40.jpg,759.2949843406677,732.0850253105164,0.7030509114265442,0.6778565049171448,745.690004825592,0.6904537081718445
testing_41.jpg,758.0376505851746,730.7256603240967,0.7018867135047913,0.6765978336334229,744.3816554546356,0.6892422735691071
testing_42.jpg,759.0201115608215,731.7814421653748,0.7027963995933533,0.677575409412384,745.4007768630981,0.6901859045028687
testing_43.jpg,757.8379654884338,730.5148386955261,0.701701819896698,0.6764026284217834,744.17640209198,0.6890522241592407
testing_44.jpg,758.2717108726501,731.0093522071838,0.7021034359931946,0.676860511302948,744.640531539917,0.6894819736480713
testing_45.jpg,759.3334150314331,732.1173405647278,0.7030864953994751,0.677886426448822,745.7253777980804,0.6904864609241486
testing_46.jpg,757.9953575134277,730.686457157135,0.7018475532531738,0.6765615344047546,744.3409073352814,0.6892045438289642
testing_47.jpg,758.7824463844299,731.554012298584,0.7025763392448425,0.6773648262023926,745.168229341507,0.6899705827236176
testing_48.jpg,757.7730774879456,730.4489207267761,0.7016417384147644,0.6763415932655334,744.1109991073608,0.6889916658401489
testing_49.jpg,758.2350182533264,730.9599137306213,0.7020694613456726,0.6768147349357605,744.5974659919739,0.6894420981407166
testing_5.jpg,759.4985318183899,732.3006105422974,0.703239381313324,0.6780561208724976,745.8995711803436,0.6906477510929108
testing_6.jpg,758.1341457366943,730.8358025550842,0.7019760608673096,0.6766998171806335,744.4849741458893,0.6893379390239716
testing_7.jpg,759.1567754745483,731.9276332855225,0.7029229402542114,0.677710771560669,745.5422043800354,0.6903168559074402
testing_8.jpg,757.8993773460388,730.5567455291748,0.7017586827278137,0.6764414310455322,744.2280614376068,0.689100056886673
testing_9.jpg,758.4201550483704,731.1447930335999,0.7022408843040466,0.6769859194755554,744.7824740409851,0.689613401889801
